<?xml version="1.0" encoding="UTF-8" standalone="no"?><TaskList Version="2.0"><Task Active="false" ConnectorKind="local" CreationDate="2013-06-24 19:23:26.133 +0100" DueDate="" EndDate="" Estimated="0" Handle="local-4" Kind="task" Label="What JDK?" LastModified="now" MarkReadPending="false" ModificationDate="" Notes="" NotifiedIncoming="true" Owner="local" Priority="P3" Reminded="false" RepositoryUrl="local" ScheduledEndDate="2013-06-30 23:59:59.999 +0100" ScheduledStartDate="2013-06-24 00:00:00.0 +0100" Stale="false" TaskId="4" offlineSyncState="SYNCHRONIZED"/><Task Active="false" ConnectorKind="local" CreationDate="2013-06-19 23:26:11.640 +0100" DueDate="" EndDate="" Estimated="0" Handle="local-2" IssueURL="" Kind="task" Label="Read SCJD Book" LastModified="now" MarkReadPending="false" ModificationDate="" Notes="See Heading" NotifiedIncoming="true" Owner="local" Priority="P3" Reminded="false" RepositoryUrl="local" ScheduledEndDate="2013-06-23 23:59:59.999 +0100" ScheduledStartDate="2013-06-17 00:00:00.0 +0100" Stale="false" TaskId="2" offlineSyncState="SYNCHRONIZED"/><Task Active="false" ConnectorKind="local" CreationDate="2013-06-19 23:25:07.704 +0100" DueDate="" EndDate="" Estimated="0" Handle="local-1" IssueURL="" Kind="task" Label="Read OCMJD Instructions" LastModified="now" MarkReadPending="false" ModificationDate="" Notes="See Heading" NotifiedIncoming="true" Owner="local" Priority="P3" Reminded="false" RepositoryUrl="local" ScheduledEndDate="2013-06-23 23:59:59.999 +0100" ScheduledStartDate="2013-06-17 00:00:00.0 +0100" Stale="false" TaskId="1" offlineSyncState="SYNCHRONIZED"/><TaskCategory Handle="handle-1" Name="Preparation"><TaskReference Handle="local-1"/><TaskReference Handle="local-2"/><TaskReference Handle="local-4"/></TaskCategory><TaskCategory Handle="Uncategorized" Name="Uncategorized"/></TaskList>